id,protocol_name,src,sport,dst,dport,proto,push_flag_ratio,average_len,average_payload_len,pkt_count,flow_average_inter_arrival_time,kolmogorov,shannon
0,https,192.168.137.113,46331,111.6.225.35,443,6,0.714,599,559,7,0.0196,0.8149,7.5061
1,https,192.168.137.113,43804,112.34.111.173,443,6,1.000,71,31,1,0.0,1.0,4.1155
2,https,192.168.137.113,44854,119.75.222.189,443,6,0.900,470,430,10,0.0062,0.9465,7.7169
3,https,192.168.137.113,57911,111.13.101.221,443,6,0.909,383,343,11,0.0044,0.9942,7.8872
4,https,192.168.137.113,50912,112.34.111.114,443,6,0.786,610,570,28,0.0166,0.9309,7.8968
5,https,192.168.137.113,38773,111.13.101.221,443,6,0.846,526,486,13,0.0047,0.8286,7.5864
6,https,192.168.137.113,40514,180.76.76.112,443,6,0.867,462,422,15,0.2183,0.8821,7.7528
7,https,192.168.137.113,50832,112.34.111.114,443,6,0.786,562,522,28,0.0161,0.9242,7.8913
8,https,192.168.137.113,53007,119.75.222.188,443,6,1.000,71,31,1,0.0,1.0,4.0266
9,https,192.168.137.113,34739,111.13.101.191,443,6,0.778,577,537,18,0.0364,0.9752,7.9013
10,https,192.168.137.113,37403,180.76.76.112,443,6,0.818,533,493,11,0.2745,0.8381,7.5923
11,https,192.168.137.113,34703,111.13.101.191,443,6,0.875,527,487,16,0.0987,0.97,7.8615
12,https,192.168.137.113,48750,180.76.22.33,443,6,0.446,961,921,56,0.1726,0.9798,7.9865
13,https,192.168.137.113,50836,112.34.111.114,443,6,1.000,164,124,6,0.0207,0.6997,5.5949
14,https,192.168.137.113,42587,111.13.101.221,443,6,0.900,312,272,10,0.0023,0.9941,7.831
15,https,192.168.137.113,36297,111.13.101.73,443,6,0.889,361,321,9,0.0022,0.9384,7.5906
16,https,192.168.137.113,51022,112.34.111.114,443,6,1.000,441,401,12,0.1184,0.9564,7.764
17,https,192.168.137.113,41524,119.75.222.189,443,6,1.000,803,763,19,0.5615,0.2546,7.8564
18,https,192.168.137.113,36344,111.13.101.221,443,6,0.917,356,316,12,0.0031,0.9939,7.874
19,https,192.168.137.113,34586,111.13.101.191,443,6,0.631,713,673,65,0.0238,0.974,7.9764
20,https,192.168.137.113,58614,112.34.111.114,443,6,0.800,478,438,15,0.0031,0.8357,7.6195
21,https,192.168.137.113,34109,119.75.222.188,443,6,0.750,576,536,48,1.0879,0.9789,7.9559
22,https,192.168.137.113,38774,111.13.101.221,443,6,1.000,668,628,13,0.0834,0.9723,7.8783
23,https,192.168.137.113,54734,61.135.169.125,443,6,0.800,540,500,15,0.042,0.9775,7.8959
24,https,192.168.137.113,51017,112.34.111.114,443,6,1.000,348,308,9,0.0093,0.9326,7.548
25,https,192.168.137.113,46333,111.6.225.35,443,6,0.714,599,559,7,0.0195,0.8152,7.5017
26,https,192.168.137.113,40639,222.35.78.48,443,6,0.508,992,952,65,0.2241,0.9823,7.9898
27,https,192.168.137.113,53799,111.6.172.48,443,6,0.009,1375,1335,1620,1.66,0.9998,7.9998
28,https,192.168.137.113,40903,180.76.76.112,443,6,0.778,530,490,9,0.0087,0.8382,7.6055
29,https,192.168.137.113,48983,222.35.78.40,443,6,0.012,1372,1332,943,1.2525,0.9994,7.9997
30,https,192.168.137.113,39893,180.76.22.48,443,6,0.442,928,888,43,0.0676,0.9645,7.9786
31,https,192.168.137.113,58065,112.54.108.104,443,6,0.650,637,597,20,0.43,0.9336,7.9226
32,https,192.168.137.113,34701,111.13.101.191,443,6,0.889,385,345,9,0.0243,0.9382,7.6179
33,https,192.168.137.113,38906,111.13.101.221,443,6,1.000,701,661,13,0.121,0.9734,7.8925
34,https,192.168.137.113,53693,111.6.172.48,443,6,0.714,695,655,7,0.0029,0.7623,7.3233
35,https,192.168.137.113,56548,119.75.222.189,443,6,1.000,788,748,19,2.066,0.2386,7.8461
36,https,192.168.137.113,50919,112.34.111.114,443,6,1.000,368,328,9,0.1208,0.9371,7.5951
37,https,192.168.137.113,47687,111.6.172.48,443,6,0.750,659,619,8,0.0116,0.7552,7.3156
38,https,192.168.137.113,36467,111.13.101.221,443,6,1.000,328,288,10,0.0013,0.9927,7.8323
39,https,192.168.137.113,50921,112.34.111.114,443,6,0.900,400,360,10,0.1107,0.9481,7.6938
40,https,192.168.137.113,48986,222.35.78.40,443,6,0.018,1367,1327,558,0.8355,0.9989,7.9995
41,https,192.168.137.113,54789,119.75.222.189,443,6,0.950,772,732,20,0.5322,0.2613,7.8537
42,https,192.168.137.113,43211,222.35.78.32,443,6,0.750,615,575,8,0.0091,0.7648,7.3422
43,https,192.168.137.113,38907,111.13.101.221,443,6,1.000,164,124,6,0.0118,0.6877,5.4476
44,https,192.168.137.113,58541,180.76.22.48,443,6,0.750,616,576,8,0.0062,0.7639,7.332
45,https,192.168.137.113,53459,112.34.111.114,443,6,0.889,354,314,9,0.0021,0.9272,7.5569
46,https,192.168.137.113,50985,112.34.111.114,443,6,1.000,164,124,6,0.994,0.7011,5.6492
47,https,192.168.137.113,34612,222.35.78.49,443,6,0.750,615,575,8,0.0058,0.7646,7.3417
48,https,192.168.137.113,34702,111.13.101.191,443,6,0.889,387,347,9,0.0248,0.9369,7.6288
49,https,192.168.137.113,44837,119.75.222.188,443,6,0.632,928,888,57,0.013,0.9944,7.9848
50,https,192.168.137.113,60287,119.75.222.92,443,6,0.912,380,340,57,0.9438,0.9754,7.9101
51,https,192.168.137.113,39880,222.35.78.32,443,6,0.605,826,786,43,0.0377,0.9659,7.9716
52,https,192.168.137.113,50792,119.75.222.189,443,6,1.000,336,296,12,1.3066,0.9242,7.6105
53,https,192.168.137.113,42461,119.75.222.189,443,6,0.875,805,765,24,0.6048,0.3989,7.9001
54,https,192.168.137.113,50914,112.34.111.114,443,6,0.900,398,358,10,0.0226,0.9484,7.6834
55,https,192.168.137.113,56526,119.75.222.188,443,6,0.842,647,607,19,3.0089,0.9755,7.9135
56,https,192.168.137.113,43558,111.6.172.48,443,6,0.778,564,524,9,0.022,0.7665,7.3467
57,https,192.168.137.113,60746,61.135.169.121,443,6,0.818,527,487,11,0.0039,0.9727,7.8476
58,https,192.168.137.113,50984,112.34.111.114,443,6,0.900,401,361,10,0.5869,0.9485,7.6954
59,https,192.168.137.113,53789,111.6.172.48,443,6,0.013,1369,1329,693,0.7442,0.9991,7.9996
60,https,192.168.137.113,54539,222.35.78.32,443,6,0.750,615,575,8,0.0086,0.7655,7.3453
61,https,192.168.137.113,53013,119.75.222.188,443,6,0.605,849,809,177,3.4795,0.9954,7.9921
62,https,192.168.137.113,53435,111.13.100.3,443,6,1.000,248,208,9,0.3416,0.8837,7.1971
63,https,192.168.137.113,52570,222.35.78.49,443,6,0.641,710,670,39,0.1433,0.9473,7.9392
64,https,192.168.137.113,50959,119.75.222.91,443,6,0.898,382,342,59,0.2384,0.9774,7.917
65,https,192.168.137.113,51202,222.35.78.49,443,6,0.750,615,575,8,0.0098,0.764,7.3274
66,https,192.168.137.113,48694,222.35.78.48,443,6,0.150,1235,1195,213,0.068,0.996,7.9986
67,https,192.168.137.113,56372,222.35.78.49,443,6,0.294,1094,1054,51,0.47,0.9785,7.9864
68,https,192.168.137.113,34700,111.13.101.191,443,6,0.889,385,345,9,0.0249,0.9372,7.5972
69,https,192.168.137.113,44490,111.13.101.221,443,6,0.900,312,272,10,0.0033,0.9938,7.8349
70,https,192.168.137.113,55877,112.54.108.104,443,6,0.500,852,812,18,0.0818,0.9517,7.9398
71,https,192.168.137.113,53802,111.6.172.48,443,6,0.011,1373,1333,1029,1.4763,0.9995,7.9997
72,https,192.168.137.113,34666,111.13.101.191,443,6,0.623,816,776,61,0.1649,0.9766,7.9796
73,https,192.168.137.113,36294,111.13.101.73,443,6,0.778,494,454,18,0.0054,0.8682,7.7325
74,https,192.168.137.113,59579,119.75.222.188,443,6,0.767,610,570,43,1.0874,0.9792,7.9576
75,https,192.168.137.113,34636,111.13.101.191,443,6,0.711,742,702,38,0.3728,0.9895,7.9695
76,https,192.168.137.113,56190,180.76.22.48,443,6,1.000,200,160,6,0.009,0.8208,6.6066
77,https,192.168.137.113,40337,112.34.111.114,443,6,0.889,351,311,9,0.0014,0.9287,7.5734
78,https,192.168.137.113,33708,111.13.101.221,443,6,1.000,300,260,10,0.0013,0.9916,7.797
79,https,192.168.137.113,57063,112.34.112.78,443,6,1.000,164,124,6,0.0306,0.6863,5.4934
80,https,192.168.137.113,39838,111.13.101.221,443,6,1.000,300,260,10,0.0014,0.9908,7.8185
81,https,192.168.137.113,45494,180.76.76.112,443,6,0.867,487,447,15,0.0409,0.8655,7.6945
82,https,192.168.137.113,34599,111.13.101.191,443,6,0.889,332,292,9,0.0043,0.927,7.5201
83,https,192.168.137.113,40638,222.35.78.48,443,6,0.714,694,654,7,0.0019,0.7625,7.3351
84,https,192.168.137.113,49016,222.35.78.40,443,6,0.014,1370,1330,771,0.1307,0.9992,7.9996
85,https,192.168.137.113,53800,222.35.78.49,443,6,0.750,615,575,8,0.019,0.7658,7.3402
86,https,192.168.137.113,33595,111.6.172.48,443,6,0.750,659,619,8,0.0121,0.7552,7.3093
87,https,192.168.137.113,43033,119.75.222.189,443,6,0.864,882,842,22,0.6554,0.4048,7.8833
88,https,192.168.137.113,51353,180.76.76.112,443,6,0.857,516,476,14,0.1064,0.8653,7.7001
89,https,192.168.137.113,37189,119.75.222.188,443,6,0.442,1075,1035,104,3.745,0.997,7.9933
90,https,192.168.137.113,39160,111.13.100.146,443,6,0.889,382,342,9,0.0021,0.9407,7.6251
91,https,192.168.137.113,57059,112.34.112.78,443,6,0.833,462,422,12,0.078,0.9602,7.79
92,https,192.168.137.113,34634,111.13.101.191,443,6,0.833,494,454,12,0.0621,0.9615,7.8129
93,https,192.168.137.113,33994,222.35.78.32,443,6,0.750,604,564,36,0.015,0.9267,7.9338
94,https,192.168.137.113,34677,111.13.101.191,443,6,0.762,597,557,21,0.0067,0.9789,7.9216
95,https,192.168.137.113,57060,112.34.112.78,443,6,1.000,164,124,6,0.0324,0.685,5.5036
96,https,192.168.137.113,50920,112.34.111.114,443,6,0.855,737,697,69,1.114,0.9776,7.9771
97,https,192.168.137.113,34509,183.232.231.65,443,6,1.000,325,285,8,0.0214,0.9169,7.4276
98,https,192.168.137.113,56949,112.34.112.78,443,6,0.714,583,543,14,0.0118,0.9729,7.8775
99,https,192.168.137.113,60743,61.135.169.121,443,6,0.818,509,469,11,0.0059,0.9725,7.8482
100,https,192.168.137.113,44665,222.35.78.31,443,6,1.000,71,31,1,0.0,1.0,3.9865
101,https,192.168.137.113,34925,222.35.78.49,443,6,0.824,456,416,17,0.0169,0.8428,7.6492
102,https,192.168.137.113,57234,119.75.222.189,443,6,1.000,661,621,19,0.5471,0.2692,7.7786
103,https,192.168.137.113,57075,112.34.112.78,443,6,0.714,611,571,14,0.0058,0.974,7.887
104,https,192.168.137.113,60742,61.135.169.121,443,6,0.786,575,535,14,0.008,0.9785,7.8998
105,https,192.168.137.113,50915,112.34.111.114,443,6,1.000,164,124,6,0.0407,0.6984,5.571
106,https,192.168.137.113,46328,111.6.225.35,443,6,0.714,599,559,7,0.0211,0.8159,7.496
107,https,192.168.137.113,44155,222.35.78.49,443,6,1.000,230,190,5,0.0016,0.8237,6.5182
108,https,192.168.137.113,52418,222.35.78.49,443,6,0.312,1055,1015,128,0.4549,0.9912,7.996
109,https,192.168.137.113,44376,119.75.222.189,443,6,0.875,753,713,24,2.7927,0.5208,7.8969
110,https,192.168.137.113,54735,61.135.169.125,443,6,0.812,489,449,16,0.0392,0.9701,7.8824
111,https,192.168.137.113,44703,119.75.222.188,443,6,0.765,578,538,17,0.2821,0.8836,7.7684
112,https,192.168.137.113,57210,180.76.76.112,443,6,0.867,462,422,15,0.451,0.8824,7.7622
113,https,192.168.137.113,48464,119.75.222.188,443,6,0.595,783,743,37,0.1543,0.9903,7.9718
114,https,192.168.137.113,54117,222.35.78.49,443,6,0.518,957,917,110,0.069,0.9886,7.9945
115,https,192.168.137.113,47983,222.35.78.32,443,6,0.111,1266,1226,99,0.0479,0.9919,7.9972
116,https,192.168.137.113,54716,61.135.169.125,443,6,0.741,650,610,27,0.2158,0.9869,7.9566
117,https,192.168.137.113,49890,183.232.231.63,443,6,0.857,407,367,14,0.0381,0.783,7.4141
118,https,192.168.137.113,33257,180.76.76.112,443,6,0.778,549,509,9,0.028,0.8435,7.603
119,https,192.168.137.113,38951,111.13.101.221,443,6,0.867,476,436,15,0.0019,0.8346,7.6053
120,https,192.168.137.113,44643,119.75.222.91,443,6,0.917,261,221,12,0.0015,0.9222,7.4849
121,https,192.168.137.113,34704,111.13.101.191,443,6,0.857,647,607,28,0.1138,0.9832,7.9416
122,https,192.168.137.113,36199,222.35.78.32,443,6,0.111,1265,1225,99,0.032,0.9919,7.9965
123,https,192.168.137.113,50916,112.34.111.114,443,6,1.000,164,124,6,0.0407,0.6997,5.6295
124,https,192.168.137.113,52833,119.75.222.189,443,6,0.875,362,322,8,0.0013,0.9154,7.47
125,https,192.168.137.113,33347,111.13.101.221,443,6,1.000,300,260,10,0.0013,0.9916,7.8116
126,https,192.168.137.113,40639,180.76.76.112,443,6,0.818,533,493,11,0.0592,0.8381,7.5963
127,https,192.168.137.113,52136,180.76.22.32,443,6,0.019,1365,1325,1699,0.2506,0.9997,7.9998
128,https,192.168.137.113,37435,222.35.78.49,443,6,1.000,200,160,6,0.0025,0.8229,6.6136
129,https,192.168.137.113,52063,180.76.22.32,443,6,0.107,1258,1218,178,0.0258,0.9995,7.9989
130,https,192.168.137.113,39978,119.75.222.92,443,6,0.371,1059,1019,547,1.6313,0.9946,7.9968
131,https,192.168.137.113,34669,111.13.101.191,443,6,1.000,164,124,6,0.0937,0.685,5.5165
132,https,192.168.137.113,46330,111.6.225.35,443,6,0.714,599,559,7,0.0218,0.8152,7.4953
133,https,192.168.137.113,52077,222.35.78.48,443,6,0.800,569,529,10,0.0069,0.7937,7.4746
134,https,192.168.137.113,53052,111.13.101.221,443,6,0.684,652,612,19,0.0052,0.9967,7.9719
135,https,192.168.137.113,49923,222.35.78.49,443,6,0.109,1278,1238,329,1.6837,0.9976,7.9991
136,https,192.168.137.113,34438,183.232.231.65,443,6,0.800,460,420,15,0.009,0.8281,7.5918
137,https,192.168.137.113,57565,119.75.222.189,443,6,0.846,425,385,13,0.0796,0.9525,7.7715
138,https,192.168.137.113,58518,222.35.78.49,443,6,0.750,615,575,8,0.0083,0.7644,7.3339
139,https,192.168.137.113,38832,111.6.172.48,443,6,0.750,615,575,8,0.0047,0.7641,7.3383
140,https,192.168.137.113,47203,119.75.222.188,443,6,0.553,905,865,123,0.7786,0.9893,7.9917
141,https,192.168.137.113,54733,61.135.169.125,443,6,0.889,359,319,9,0.0608,0.9528,7.6564
142,https,192.168.137.113,36298,111.13.101.73,443,6,0.889,333,293,9,0.0014,0.9314,7.5404
143,https,192.168.137.113,35808,111.6.172.48,443,6,0.656,693,653,32,0.0654,0.9902,7.9708
144,https,192.168.137.113,54783,61.135.169.125,443,6,0.733,747,707,30,0.1789,0.9498,7.9417
145,https,192.168.137.113,33658,119.75.222.91,443,6,0.894,400,360,66,0.4176,0.9434,7.9121
146,https,192.168.137.113,38120,112.54.108.104,443,6,0.554,778,738,453,0.2359,0.9915,7.9963
147,https,192.168.137.113,54912,117.185.17.52,443,6,0.875,403,363,16,0.0078,0.745,7.5081
148,https,192.168.137.113,49016,111.13.101.221,443,6,0.900,331,291,10,0.0012,0.9949,7.8464
149,https,192.168.137.113,48078,121.42.179.14,443,6,0.750,691,639,8,0.0027,0.8705,7.7294
150,https,192.168.137.113,56929,112.34.112.78,443,6,0.680,694,654,25,0.0117,0.9352,7.9044
151,https,192.168.137.113,46758,111.13.101.221,443,6,0.909,383,343,11,0.0043,0.9944,7.8909
152,https,192.168.137.113,44568,111.13.101.221,443,6,0.867,476,436,15,0.002,0.8347,7.616
153,https,192.168.137.113,54106,111.13.101.73,443,6,0.895,393,353,19,0.6384,0.8304,7.6047
154,https,192.168.137.113,34598,111.13.101.191,443,6,0.800,471,431,15,0.0072,0.9655,7.8458
155,https,192.168.137.113,48627,111.6.172.48,443,6,0.750,615,575,8,0.0065,0.7638,7.3342
156,https,192.168.137.113,59632,180.76.76.112,443,6,0.867,486,446,15,0.0306,0.8647,7.6965
157,https,192.168.137.113,60745,61.135.169.121,443,6,0.818,525,485,11,0.0061,0.973,7.8427
158,https,192.168.137.113,44782,119.75.222.188,443,6,0.765,580,540,17,0.148,0.8845,7.7798
159,https,192.168.137.113,34591,111.13.101.191,443,6,0.778,502,462,18,0.0081,0.971,7.8783
160,https,192.168.137.113,46983,111.6.172.48,443,6,0.778,561,521,9,0.0045,0.7648,7.326
161,https,192.168.137.113,52068,180.76.22.32,443,6,0.021,1359,1319,1699,0.2523,0.9998,7.9998
162,https,192.168.137.113,45283,119.75.222.189,443,6,1.000,814,774,21,0.1246,0.3333,7.8804
163,https,192.168.137.113,41409,222.222.88.102,443,6,0.895,324,284,19,0.1476,0.8171,7.6813
164,https,192.168.137.113,56948,112.34.112.78,443,6,0.833,510,470,12,0.0133,0.9633,7.8126
165,https,192.168.137.113,34837,111.6.172.48,443,6,0.750,615,575,8,0.0192,0.7634,7.3358
166,https,192.168.137.113,56708,119.75.222.189,443,6,1.000,71,31,1,0.0,1.0,4.0266
167,https,192.168.137.113,44268,111.13.101.221,443,6,0.471,998,958,244,4.0597,0.9978,7.9948
168,https,192.168.137.113,34671,111.13.101.191,443,6,0.778,577,537,18,0.0072,0.9759,7.9027
169,https,192.168.137.113,56656,111.13.101.221,443,6,0.577,907,867,480,3.6271,0.9976,7.9949
170,https,192.168.137.113,60721,119.75.222.188,443,6,1.000,71,31,1,0.0,1.0,4.051
171,https,192.168.137.113,35413,112.34.111.114,443,6,0.889,352,312,9,0.0019,0.9263,7.5527
172,https,192.168.137.113,48984,222.35.78.40,443,6,0.011,1376,1336,3760,2.3593,1.0,7.9999
173,https,192.168.137.113,59516,111.13.100.3,443,6,1.000,71,31,1,0.0,1.0,4.051
174,https,192.168.137.113,56226,119.75.222.189,443,6,0.947,741,701,19,3.8366,0.2871,7.8482
175,https,192.168.137.113,50611,112.34.111.114,443,6,0.889,354,314,9,0.0034,0.929,7.5615
176,https,192.168.137.113,38842,111.13.101.221,443,6,0.867,608,568,15,0.0136,0.8749,7.7441
177,https,192.168.137.113,40045,119.75.222.92,443,6,0.910,443,403,78,0.3951,0.9606,7.9503
178,https,192.168.137.113,56510,111.13.101.221,443,6,1.000,300,260,10,0.0013,0.9916,7.8018
179,https,192.168.137.113,51111,111.13.101.221,443,6,0.909,383,343,11,0.0038,0.9958,7.8816
180,https,192.168.137.113,54715,61.135.169.125,443,6,0.722,657,617,36,0.355,0.9904,7.9654
181,https,192.168.137.113,39159,111.13.100.146,443,6,0.778,574,534,18,0.004,0.8893,7.7946
182,https,192.168.137.113,56703,119.75.222.188,443,6,0.941,282,242,17,1.4608,0.8861,7.6229
183,https,192.168.137.113,38841,111.13.101.221,443,6,0.846,526,486,13,0.0074,0.8299,7.5966
184,https,192.168.137.113,45273,112.34.111.114,443,6,0.889,428,388,9,0.0016,0.9394,7.6452
185,https,192.168.137.113,34573,183.232.231.65,443,6,0.824,508,468,17,0.0079,0.8644,7.7098
186,https,192.168.137.113,58889,111.6.172.48,443,6,0.750,615,575,8,0.0113,0.763,7.3317
187,https,192.168.137.113,38908,111.13.101.221,443,6,1.000,566,526,9,0.0866,0.9582,7.7732
188,https,192.168.137.113,53194,222.35.78.49,443,6,0.824,456,416,17,0.0154,0.8425,7.6535
189,https,192.168.137.113,34733,111.13.101.191,443,6,0.681,768,728,47,0.2802,0.9917,7.9762
190,https,192.168.137.113,59891,111.13.101.221,443,6,1.000,300,260,10,0.0013,0.9912,7.7962
191,https,192.168.137.113,49515,111.6.172.48,443,6,0.317,1047,1007,41,0.0582,0.9749,7.9827
192,https,192.168.137.113,40239,119.75.222.188,443,6,0.407,1014,974,27,0.2609,0.9911,7.975
193,https,192.168.137.113,57062,112.34.112.78,443,6,1.000,164,124,6,0.0308,0.685,5.4489
194,https,192.168.137.113,54616,111.13.101.73,443,6,0.875,410,370,16,0.41,0.8118,7.5409
195,https,192.168.137.113,40712,222.35.78.48,443,6,0.443,1066,1026,79,0.2512,0.9841,7.9931
196,https,192.168.137.113,50687,119.75.222.189,443,6,1.000,805,765,19,1.0208,0.2562,7.847
197,https,192.168.137.113,53824,111.6.172.48,443,6,0.500,885,845,26,0.0053,0.9528,7.9538
198,https,192.168.137.113,57058,112.34.112.78,443,6,0.737,667,627,19,0.097,0.9807,7.9302
199,https,192.168.137.113,38953,111.13.101.221,443,6,0.867,494,454,15,0.0039,0.843,7.6506
200,https,192.168.137.113,44692,111.6.172.48,443,6,0.672,770,730,58,0.0795,0.9712,7.9791
201,https,192.168.137.113,55920,111.13.101.221,443,6,0.900,312,272,10,0.0032,0.9934,7.8283
202,https,192.168.137.113,43036,119.75.222.188,443,6,0.564,924,884,39,0.5267,0.9921,7.9769
203,https,192.168.137.113,46519,222.35.78.32,443,6,0.100,1280,1240,100,0.0507,0.9921,7.9969
204,https,192.168.137.113,52492,222.35.78.49,443,6,0.933,330,290,30,0.2269,0.8605,7.739
205,https,192.168.137.113,46312,111.6.225.35,443,6,0.265,1164,1124,34,0.0935,0.9825,7.9865
206,https,192.168.137.113,34741,111.13.101.191,443,6,0.889,369,329,9,0.0697,0.9363,7.5753
207,https,192.168.137.113,39981,111.6.172.48,443,6,1.000,230,190,5,0.0019,0.8206,6.5179
208,https,192.168.137.113,46646,111.13.101.221,443,6,0.900,312,272,10,0.0023,0.9945,7.8374
209,https,192.168.137.113,53073,111.13.101.221,443,6,1.000,300,260,10,0.0097,0.9919,7.7995
210,https,192.168.137.113,39898,119.75.222.92,443,6,0.276,1163,1123,1301,2.0406,0.9981,7.998
211,https,192.168.137.113,56210,111.13.100.3,443,6,0.882,455,415,17,0.1772,0.8433,7.6439
212,https,192.168.137.113,59740,111.13.101.221,443,6,1.000,300,260,10,0.0012,0.9904,7.805
213,https,192.168.137.113,52588,222.35.78.49,443,6,0.778,533,493,18,0.0178,0.9758,7.9304
214,https,192.168.137.113,45760,112.34.111.114,443,6,0.889,428,388,9,0.0022,0.9388,7.646
215,https,192.168.137.113,41402,111.13.101.233,443,6,0.956,419,379,114,2.2612,0.9793,7.9406
216,https,192.168.137.113,51566,222.35.78.49,443,6,0.227,1176,1136,229,0.1825,0.9959,7.9986
217,https,192.168.137.113,37143,119.75.222.189,443,6,0.900,457,417,10,0.0071,0.9451,7.7164
218,https,192.168.137.113,38772,111.13.101.221,443,6,0.867,623,583,15,0.0372,0.8773,7.7554
219,https,192.168.137.113,34698,111.13.101.191,443,6,0.680,782,742,25,0.0121,0.9876,7.9581
220,https,192.168.137.113,40549,119.75.222.189,443,6,0.900,786,746,20,3.6485,0.3637,7.8799
221,https,192.168.137.113,56997,112.34.112.78,443,6,0.696,628,588,23,0.0458,0.9217,7.8771
222,https,192.168.137.113,44839,112.54.108.104,443,6,0.722,546,506,18,0.4927,0.9141,7.8794
223,https,192.168.137.113,52007,180.76.22.32,443,6,0.340,1051,1011,1155,0.5787,0.9983,7.999
224,https,192.168.137.113,42697,119.75.222.92,443,6,1.000,154,114,9,0.0034,0.7724,6.2137
225,https,192.168.137.113,46329,111.6.225.35,443,6,0.362,973,933,94,0.0627,0.9906,7.9933
226,https,192.168.137.113,51990,180.76.22.32,443,6,0.909,407,367,22,0.0099,0.8597,7.7082
227,https,192.168.137.113,34651,111.13.101.191,443,6,0.739,690,650,23,0.0524,0.9839,7.9471
228,https,192.168.137.113,49258,115.28.234.80,443,6,0.750,633,581,8,0.0032,0.8559,7.6825
229,https,192.168.137.113,40789,222.35.78.48,443,6,0.875,419,379,16,0.0523,0.8035,7.5508
230,https,192.168.137.113,45627,119.75.222.188,443,6,0.941,263,223,17,2.0984,0.8763,7.5647
231,https,192.168.137.113,33850,111.13.101.73,443,6,1.000,71,31,1,0.0,1.0,3.9865
232,https,192.168.137.113,40049,119.75.222.189,443,6,0.913,752,712,23,0.1138,0.3388,7.8653
233,https,192.168.137.113,50980,112.34.111.114,443,6,0.833,559,519,18,0.3353,0.9753,7.9012
234,https,192.168.137.113,60744,61.135.169.121,443,6,0.786,548,508,14,0.0072,0.9769,7.8825
235,https,192.168.137.113,53265,112.34.111.114,443,6,0.889,351,311,9,0.0027,0.929,7.5515
236,https,192.168.137.113,44688,119.75.222.188,443,6,0.625,821,781,64,0.0136,0.9779,7.9805
237,https,192.168.137.113,44753,111.13.101.221,443,6,1.000,300,260,10,0.0012,0.9916,7.8039
238,https,192.168.137.113,46427,119.75.222.189,443,6,0.786,447,407,14,0.3045,0.9537,7.8068
239,https,192.168.137.113,55714,111.13.101.73,443,6,0.895,393,353,19,0.3338,0.8314,7.6087
240,https,192.168.137.113,57853,222.35.78.49,443,6,0.192,1225,1185,605,0.1921,0.9997,7.9995
241,https,192.168.137.113,56258,111.13.101.221,443,6,0.917,391,351,24,1.674,0.5419,7.6151
242,https,192.168.137.113,39921,119.75.222.189,443,6,0.913,689,649,23,0.5077,0.4215,7.8613
243,https,192.168.137.113,41821,119.75.222.189,443,6,0.950,772,732,20,0.5316,0.262,7.8698
244,https,192.168.137.113,50244,222.35.78.49,443,6,0.778,564,524,9,0.0127,0.7656,7.329
245,https,192.168.137.113,45108,180.76.76.112,443,6,0.778,530,490,9,0.005,0.837,7.595
246,https,192.168.137.113,57061,112.34.112.78,443,6,1.000,164,124,6,0.0318,0.6877,5.5236
247,https,192.168.137.113,49377,39.156.6.241,443,6,0.667,793,741,9,0.0012,0.7034,7.1536
248,https,192.168.137.113,48991,222.35.78.40,443,6,0.046,1331,1291,197,0.427,0.9963,7.9986
249,https,192.168.137.113,60941,112.54.108.104,443,6,0.609,682,642,23,0.3991,0.9458,7.944
250,https,192.168.137.113,34678,111.13.101.191,443,6,1.000,164,124,6,0.1317,0.6836,5.511
251,https,192.168.137.113,50835,112.34.111.114,443,6,0.900,365,325,10,0.0103,0.9428,7.6555
252,https,192.168.137.113,40926,119.75.222.188,443,6,0.519,909,869,52,0.54,0.993,7.9825
253,https,192.168.137.113,49997,111.6.172.48,443,6,0.169,1212,1172,77,0.0632,0.9885,7.9951
254,https,192.168.137.113,39586,112.34.111.114,443,6,0.800,487,447,15,0.0021,0.8382,7.6259
255,https,192.168.137.113,48979,222.35.78.40,443,6,0.011,1376,1336,3760,1.4129,1.0,7.9998
256,https,192.168.137.113,54478,112.34.111.108,443,6,0.812,480,440,16,0.312,0.7724,7.5314
257,https,192.168.137.113,38116,111.6.172.48,443,6,0.109,1282,1242,201,0.1211,0.9959,7.9986
258,https,192.168.137.113,37308,180.76.22.48,443,6,0.750,616,576,8,0.0061,0.7643,7.3333
259,https,192.168.137.113,46332,111.6.225.35,443,6,0.714,599,559,7,0.0207,0.8154,7.4982
260,https,192.168.137.113,53725,111.6.172.48,443,6,0.011,1376,1336,2566,0.3682,0.9999,7.9998
261,https,192.168.137.113,34593,111.13.101.191,443,6,0.889,332,292,9,0.0053,0.9267,7.5121
262,https,192.168.137.113,50840,112.34.111.114,443,6,0.900,367,327,10,0.2216,0.9429,7.6281
263,https,192.168.137.113,34510,183.232.231.65,443,6,0.909,424,384,11,0.0169,0.9523,7.7368
264,https,192.168.137.113,54710,61.135.169.125,443,6,0.762,582,542,21,0.0896,0.9832,7.933
265,https,192.168.137.113,37520,119.75.222.188,443,6,0.483,1029,989,211,2.392,0.998,7.9953
266,https,192.168.137.113,53790,111.6.172.48,443,6,0.014,1367,1327,557,0.6762,0.9989,7.9996
267,https,192.168.137.113,56930,112.34.112.78,443,6,0.800,518,478,15,0.0158,0.85,7.6653
268,https,192.168.137.113,37275,111.13.101.221,443,6,1.000,300,260,10,0.0012,0.9919,7.8111
269,https,192.168.137.113,46313,111.6.225.35,443,6,0.350,1168,1128,60,0.1691,0.9898,7.9942
270,https,192.168.137.113,58247,111.13.101.221,443,6,0.900,331,291,10,0.0019,0.9949,7.8514
271,https,192.168.137.113,53408,180.76.76.112,443,6,0.846,478,438,13,0.0872,0.8711,7.7211
272,https,192.168.137.113,46390,111.6.225.35,443,6,0.920,821,781,25,0.2198,0.9601,7.9538
273,https,192.168.137.113,53691,111.6.172.48,443,6,0.295,1080,1040,95,0.0251,0.9867,7.9935
274,https,192.168.137.113,52086,180.76.22.32,443,6,0.175,1230,1190,758,0.3189,0.9987,7.9993
275,https,192.168.137.113,34574,183.232.231.65,443,6,0.857,470,430,14,0.0081,0.818,7.5473
276,https,192.168.137.113,60648,61.135.169.121,443,6,0.742,725,685,31,0.2745,0.9483,7.9408
277,https,192.168.137.113,54703,61.135.169.125,443,6,0.760,511,471,25,0.0887,0.9084,7.843
278,https,192.168.137.113,33269,119.75.222.189,443,6,1.000,71,31,1,0.0,1.0,3.9865
279,https,192.168.137.113,34635,111.13.101.191,443,6,0.889,383,343,9,0.0548,0.9385,7.6122
280,https,192.168.137.113,36107,119.75.222.189,443,6,0.950,767,727,20,0.9695,0.2565,7.8343
281,https,192.168.137.113,49325,222.35.78.49,443,6,0.778,564,524,9,0.0114,0.7662,7.3345
282,https,192.168.137.113,35483,222.35.78.32,443,6,0.135,1233,1193,104,0.0903,0.9921,7.997
283,https,192.168.137.113,33648,112.54.108.104,443,6,0.562,778,738,16,0.0558,0.9414,7.9236
284,https,192.168.137.113,60576,111.13.101.221,443,6,0.900,331,291,10,0.0015,0.9945,7.8464
285,https,192.168.137.113,34742,111.13.101.191,443,6,1.000,164,124,6,0.9969,0.6823,5.5419
286,https,192.168.137.113,34594,111.13.101.191,443,6,1.000,164,124,6,0.023,0.681,5.528
287,https,192.168.137.113,50837,112.34.111.114,443,6,1.000,164,124,6,0.0214,0.6984,5.6043
288,https,192.168.137.113,54736,61.135.169.125,443,6,0.833,457,417,12,0.0454,0.9697,7.8271
289,https,192.168.137.113,40241,111.13.105.171,443,6,0.867,426,386,15,0.1421,0.808,7.5115
290,https,192.168.137.113,53797,111.6.172.48,443,6,0.016,1367,1327,546,0.9252,0.9988,7.9996
291,https,192.168.137.113,52405,111.13.101.221,443,6,0.900,312,272,10,0.0026,0.9934,7.8188
292,https,192.168.137.113,38840,111.13.101.221,443,6,0.882,652,612,17,0.0269,0.8978,7.8197
293,https,192.168.137.113,48676,180.76.22.33,443,6,0.277,1103,1063,112,0.0373,0.9906,7.9954
294,https,192.168.137.113,55081,111.13.101.221,443,6,1.000,300,260,10,0.0012,0.9919,7.7981
295,https,192.168.137.113,34737,111.13.101.191,443,6,1.000,164,124,6,0.0896,0.6823,5.5482
296,https,192.168.137.113,45598,222.35.78.32,443,6,0.750,615,575,8,0.0092,0.765,7.3491
297,https,192.168.137.113,48077,121.42.179.14,443,6,0.750,724,672,8,0.0024,0.8783,7.7527
298,https,192.168.137.113,52126,222.35.78.49,443,6,0.750,615,575,8,0.0147,0.7646,7.3446
299,https,192.168.137.113,34673,111.13.101.191,443,6,0.889,369,329,9,0.0047,0.936,7.6066
300,https,192.168.137.113,53801,111.6.172.48,443,6,0.016,1367,1327,580,1.0672,0.999,7.9995
301,https,192.168.137.113,52006,180.76.22.32,443,6,0.714,695,655,7,0.0189,0.7625,7.3308
302,https,192.168.137.113,48752,111.6.172.48,443,6,0.330,1115,1075,97,0.048,0.9874,7.9931
303,https,192.168.137.113,50842,112.34.111.114,443,6,0.870,756,716,69,2.2013,0.9371,7.9773
304,https,192.168.137.113,53646,111.6.172.48,443,6,0.012,1373,1333,4949,0.7716,1.0,7.9998
305,https,192.168.137.113,36737,222.35.78.48,443,6,0.565,838,798,23,0.1171,0.9311,7.9376
306,https,192.168.137.113,56764,180.76.22.48,443,6,0.221,1170,1130,140,0.0307,0.9991,7.9981
307,https,192.168.137.113,60930,111.13.101.178,443,6,0.733,670,630,30,0.0699,0.9442,7.9263
308,https,192.168.137.113,54553,119.75.222.188,443,6,1.000,215,175,9,0.3663,0.8514,6.9364
309,https,192.168.137.113,37160,112.34.111.114,443,6,0.800,478,438,15,0.0029,0.8342,7.5981
310,https,192.168.137.113,53581,119.75.222.189,443,6,0.733,558,518,15,1.9684,0.9655,7.8675
311,https,192.168.137.113,34475,111.13.100.75,443,6,0.857,490,450,14,0.017,0.8132,7.642
312,https,192.168.137.113,35033,119.75.222.189,443,6,0.867,428,388,15,1.9745,0.9523,7.7973
313,https,192.168.137.113,34637,111.13.101.191,443,6,1.000,164,124,6,0.0751,0.6836,5.5349
314,https,192.168.137.113,36705,180.76.22.48,443,6,0.792,529,489,24,0.0178,0.9063,7.8559
315,https,192.168.137.113,36495,183.232.231.63,443,6,0.909,284,244,22,1.0371,0.7485,7.4043
316,https,192.168.137.113,50983,112.34.111.114,443,6,0.900,398,358,10,0.5875,0.9496,7.6917
317,https,192.168.137.113,36253,119.75.222.189,443,6,0.846,350,310,13,0.3286,0.9341,7.6699
318,https,192.168.137.113,53792,111.6.172.48,443,6,0.022,1362,1322,496,0.7186,0.9987,7.9995
319,https,192.168.137.113,35625,222.35.78.49,443,6,0.778,561,521,9,0.0041,0.7661,7.3376
320,https,192.168.137.113,59687,111.6.172.48,443,6,0.750,659,619,8,0.0112,0.755,7.3196
321,https,192.168.137.113,44741,111.6.172.48,443,6,0.750,659,619,8,0.0117,0.7558,7.33
322,https,192.168.137.113,50491,111.13.101.73,443,6,1.000,208,168,9,0.0447,0.8499,6.9054
323,https,192.168.137.113,35081,119.75.222.188,443,6,0.812,522,482,32,1.1586,0.9659,7.924
324,https,192.168.137.113,48988,222.35.78.40,443,6,0.018,1365,1325,494,0.7384,0.9987,7.9995
325,https,192.168.137.113,53166,111.13.101.221,443,6,1.000,300,260,10,0.0012,0.9908,7.8142
326,https,192.168.137.113,45246,119.75.222.189,443,6,0.864,744,704,22,0.4739,0.4399,7.875
327,https,192.168.137.113,48982,222.35.78.40,443,6,0.012,1373,1333,1044,1.3365,0.9995,7.9997
328,https,192.168.137.113,40317,183.232.231.85,443,6,0.935,274,234,31,0.2559,0.835,7.6091
329,https,192.168.137.113,41442,111.13.101.73,443,6,1.000,333,293,19,0.7354,0.3141,7.4724
330,https,192.168.137.113,47047,222.35.78.48,443,6,0.800,570,530,10,0.0066,0.7938,7.4703
331,https,192.168.137.113,56998,112.34.112.78,443,6,0.690,698,658,29,0.0332,0.9449,7.927
332,https,192.168.137.113,43475,111.30.144.106,443,6,0.842,624,584,19,0.1696,0.9054,7.8462
333,https,192.168.137.113,50841,112.34.111.114,443,6,0.900,367,327,10,0.2215,0.9419,7.6478
334,https,192.168.137.113,50194,119.75.222.189,443,6,0.840,549,509,25,0.2696,0.9726,7.916
335,https,192.168.137.113,51098,119.75.222.189,443,6,0.950,773,733,20,0.129,0.2621,7.8476
336,https,192.168.137.113,41501,111.13.101.221,443,6,0.909,383,343,11,0.0029,0.9955,7.8898
337,https,192.168.137.113,53692,111.6.172.48,443,6,0.714,695,655,7,0.0025,0.7625,7.3411
338,https,192.168.137.113,34633,111.13.101.191,443,6,0.889,383,343,9,0.0539,0.936,7.59
339,https,192.168.137.113,55741,222.35.78.48,443,6,0.750,616,576,8,0.0056,0.765,7.3394
340,https,192.168.137.113,59569,111.13.101.221,443,6,1.000,300,260,10,0.0013,0.9904,7.7975
341,https,192.168.137.113,40396,183.232.231.85,443,6,0.938,270,230,32,0.1618,0.8165,7.6105
342,https,192.168.137.113,60722,61.135.169.121,443,6,0.694,698,658,85,0.3423,0.9777,7.9797
343,https,192.168.137.113,49325,115.28.234.80,443,6,0.800,523,471,10,0.0522,0.8511,7.6835
344,https,192.168.137.113,48276,112.34.112.78,443,6,1.000,584,544,20,0.0697,0.9716,7.8973
345,https,192.168.137.113,36224,222.35.78.49,443,6,1.000,230,190,5,0.0036,0.8237,6.5313
346,https,192.168.137.113,47706,111.6.172.48,443,6,0.607,788,748,56,0.1702,0.9729,7.9797
347,https,192.168.137.113,48981,222.35.78.40,443,6,0.032,1345,1305,308,0.4829,0.9977,7.9993
348,https,192.168.137.113,40124,222.35.78.49,443,6,0.186,1214,1174,145,1.8403,0.994,7.9979
349,https,192.168.137.113,36003,111.6.172.48,443,6,0.342,1029,989,38,0.038,0.9725,7.9769
350,https,192.168.137.113,60999,111.13.101.178,443,6,0.789,630,590,19,0.0042,0.9056,7.8247
351,https,192.168.137.113,57074,112.34.112.78,443,6,0.833,510,470,12,0.0067,0.9635,7.8232
352,https,192.168.137.113,53866,112.34.111.114,443,6,0.889,351,311,9,0.0015,0.9261,7.5494
353,https,192.168.137.113,38214,222.35.78.48,443,6,0.382,975,935,34,0.1082,0.967,7.975
354,https,192.168.137.113,45725,222.35.78.31,443,6,0.800,524,484,25,0.0332,0.9028,7.8572
355,https,192.168.137.113,51713,111.13.101.221,443,6,1.000,326,286,9,0.0281,0.9919,7.8024
356,https,192.168.137.113,52628,222.35.78.48,443,6,0.302,1093,1053,53,0.0738,0.9818,7.9899
357,https,192.168.137.113,34585,183.232.231.65,443,6,0.909,312,272,11,0.0556,0.9057,7.5712
358,https,192.168.137.113,33349,111.13.101.221,443,6,0.611,683,643,18,0.0036,0.9968,7.9726
359,https,192.168.137.113,34631,111.13.101.191,443,6,0.720,777,737,25,0.0479,0.9871,7.9559
360,https,192.168.137.113,51174,222.35.78.49,443,6,0.123,1273,1233,397,0.1173,0.998,7.9993
361,https,192.168.137.113,44769,119.75.222.188,443,6,0.613,873,833,62,0.013,0.979,7.9816
362,https,192.168.137.113,40185,112.54.108.104,443,6,0.667,640,600,15,0.0801,0.9236,7.8795
363,https,192.168.137.113,42859,111.30.137.24,443,6,0.842,624,584,19,0.2465,0.9057,7.8479
364,https,192.168.137.113,43992,222.35.78.49,443,6,0.800,508,468,10,0.0096,0.7666,7.3482
